{"cameraMode":{"drawMode":0,"name":"Shaded","section":"Shading Mode"},"sceneLighting":true,"audioPlay":false,"sceneViewState":{"showFog":true,"showMaterialUpdate":true,"showSkybox":true,"showFlares":true,"showImageEffects":true,"showParticleSystems":true},"in2DMode":false,"pivot":{"x":-6.994024276733398,"y":-2.345118522644043,"z":12.277359008789063},"rotation":{"x":0.16598467528820039,"y":-0.3494396507740021,"z":0.06304476410150528,"w":0.9199851751327515},"size":22.20403480529785,"orthographic":false}